{"cameraMode":{"drawMode":0,"name":"Shaded","section":"Shading Mode"},"sceneLighting":true,"audioPlay":false,"sceneViewState":{"showFog":true,"showMaterialUpdate":true,"showSkybox":true,"showFlares":true,"showImageEffects":true,"showParticleSystems":true},"in2DMode":false,"pivot":{"x":-0.3280046880245209,"y":17.01686668395996,"z":-11.068597793579102},"rotation":{"x":-0.5747571587562561,"y":0.002943409373983741,"z":-0.0020676013082265856,"w":-0.8183208107948303},"size":30.68948745727539,"orthographic":false}